SampleIndex,Loss,Target
1579,0.410910040140152,0
762,0.4274805188179016,0
1807,0.46660494804382324,0
854,0.5128459334373474,0
1049,0.5170453786849976,0
2118,0.5378429889678955,0
1606,0.5403530597686768,3
1965,0.5550497174263,3
1010,0.5674605369567871,3
653,0.5904165506362915,0
156,0.5905026793479919,0
1047,0.6015145778656006,0
2433,0.6120095252990723,0
333,0.6174606084823608,3
1932,0.6226283311843872,3
1057,0.6271678805351257,3
75,0.6306171417236328,3
1032,0.6307922005653381,0
2435,0.6596564650535583,0
177,0.6610901355743408,0
1284,0.6623538732528687,3
469,0.6694844365119934,0
1476,0.6781956553459167,0
2418,0.6832122206687927,3
1645,0.6886954307556152,0
621,0.6903635859489441,3
1814,0.695950984954834,3
1286,0.6991786956787109,0
2111,0.7027818560600281,3
1176,0.7041869163513184,0
133,0.7126316428184509,3
847,0.7146749496459961,3
863,0.7153565287590027,3
2420,0.7170358300209045,3
1227,0.7172459959983826,3
1791,0.7232744097709656,3
1240,0.7247922420501709,0
1999,0.7311515212059021,0
2195,0.7316759824752808,0
2092,0.7373867630958557,3
2431,0.739315927028656,3
1542,0.7552013993263245,3
657,0.7557334303855896,3
2052,0.7661532759666443,0
302,0.7664779424667358,0
764,0.7667397856712341,0
264,0.7685610055923462,3
1465,0.771129846572876,0
1448,0.7716901898384094,0
586,0.7782652378082275,0
2179,0.778810441493988,0
1951,0.783430814743042,3
175,0.7888062000274658,0
1492,0.7953181266784668,0
1379,0.7953990697860718,3
1363,0.7971922755241394,3
1768,0.7972275018692017,1
628,0.8005133271217346,0
202,0.802821934223175,3
1906,0.8051844835281372,3
766,0.8086236715316772,0
1432,0.810479998588562,3
1481,0.8164737820625305,0
569,0.8174765706062317,3
1147,0.8177674412727356,0
1731,0.8238372206687927,1
224,0.8299569487571716,3
965,0.8304386138916016,1
875,0.8306162357330322,0
641,0.8310861587524414,0
495,0.8330636620521545,3
1362,0.8369728922843933,3
102,0.8372641205787659,0
2343,0.8399407863616943,1
419,0.8459795713424683,3
1466,0.8470943570137024,3
1963,0.8483436703681946,3
1022,0.8521249890327454,3
2264,0.859268844127655,0
730,0.8595776557922363,3
669,0.8598796725273132,3
502,0.8621838688850403,0
206,0.8628733158111572,1
2030,0.8638594150543213,0
1560,0.8641825914382935,3
1253,0.8671342730522156,3
1452,0.8682321906089783,0
1831,0.8687447905540466,3
1311,0.8694251179695129,3
1878,0.8734444379806519,0
232,0.8739302158355713,3
2287,0.8749353885650635,1
687,0.8777827024459839,1
1739,0.8793435096740723,0
1267,0.8820686340332031,1
433,0.8837610483169556,0
1737,0.8838514089584351,0
2181,0.8859279751777649,1
684,0.8860428929328918,1
2402,0.889309287071228,3
953,0.8893293738365173,1
1340,0.8907466530799866,3
480,0.8912215232849121,0
1216,0.8927487134933472,0
1331,0.8956223130226135,0
2222,0.8979616165161133,0
706,0.9000896215438843,4
1352,0.9008273482322693,3
634,0.9025455117225647,0
42,0.9035877585411072,0
1128,0.9039482474327087,3
1648,0.90763920545578,1
1295,0.9081266522407532,0
528,0.9081810116767883,3
946,0.9089598059654236,1
25,0.9093733429908752,3
2221,0.9104393720626831,1
1226,0.9139149785041809,4
1357,0.9246218800544739,0
914,0.9248013496398926,1
741,0.9291622638702393,1
1741,0.929386556148529,1
2192,0.9306096434593201,1
2493,0.9317305684089661,3
1138,0.9335330128669739,4
2071,0.9336445331573486,3
1597,0.9340051412582397,3
1942,0.9367956519126892,3
317,0.9411295056343079,0
2376,0.9417584538459778,3
353,0.9421297907829285,3
1940,0.9422319531440735,0
98,0.9466362595558167,3
2132,0.9468591809272766,3
1336,0.9475122690200806,3
667,0.947968602180481,1
1854,0.9487110376358032,1
1121,0.9492543935775757,3
2086,0.9508106708526611,0
1065,0.9558446407318115,0
2108,0.9586644768714905,1
1913,0.9596399664878845,4
1582,0.9599961638450623,3
797,0.9604437351226807,3
390,0.960968554019928,4
967,0.9614264965057373,3
2474,0.9622116684913635,3
364,0.9629827737808228,4
326,0.963054895401001,3
2234,0.9633573293685913,0
33,0.9634243249893188,4
2116,0.9637665748596191,0
2359,0.9662821292877197,0
2042,0.9670177102088928,1
2383,0.9671176075935364,0
2293,0.9686909914016724,1
2066,0.970204770565033,0
47,0.9712426662445068,0
2455,0.9725448489189148,1
1619,0.9748180508613586,3
488,0.9752127528190613,1
1998,0.9756009578704834,0
1958,0.9771499633789062,3
1804,0.9774984121322632,0
672,0.9785252809524536,0
454,0.9798177480697632,1
1891,0.9804637432098389,1
499,0.9813352823257446,1
427,0.9819743633270264,1
2242,0.9825189113616943,3
243,0.9832912683486938,4
2263,0.9832972884178162,3
556,0.9840771555900574,3
1443,0.9841409921646118,0
2417,0.9845967888832092,4
1339,0.9853375554084778,3
421,0.9877935647964478,3
1815,0.9885983467102051,0
2270,0.9906855225563049,3
665,0.9912500977516174,1
926,0.9920297861099243,0
37,0.9922038912773132,3
783,0.9922606348991394,1
1909,0.9949597716331482,4
660,0.9950752854347229,3
381,0.9962716698646545,3
2323,0.9973575472831726,4
2123,0.9975650906562805,1
1536,0.9980318546295166,3
1694,0.9984122514724731,3
1972,1.0001062154769897,3
1558,1.0004186630249023,3
1785,1.0007541179656982,3
307,1.0024627447128296,0
1433,1.0033957958221436,0
504,1.0041583776474,4
2215,1.0045188665390015,4
1806,1.0062893629074097,4
483,1.0064895153045654,3
1799,1.0075206756591797,4
2196,1.008581280708313,1
1387,1.0102465152740479,3
1894,1.0125558376312256,3
834,1.014388084411621,1
96,1.0144692659378052,1
515,1.0148682594299316,3
1156,1.0149606466293335,0
2494,1.016258716583252,0
2191,1.0180885791778564,4
1550,1.019250750541687,4
1924,1.0204687118530273,4
2427,1.021793007850647,0
2041,1.021798014640808,0
59,1.0221853256225586,3
1391,1.0234308242797852,3
2428,1.0234779119491577,4
116,1.0238605737686157,3
1688,1.0239266157150269,4
620,1.0239758491516113,4
1761,1.0261462926864624,1
1545,1.0264110565185547,0
1605,1.0265889167785645,4
2136,1.027671217918396,4
91,1.0276738405227661,4
1184,1.0288313627243042,1
411,1.0298982858657837,1
1394,1.0328247547149658,1
1515,1.033069372177124,1
536,1.0341659784317017,0
11,1.0345784425735474,0
2047,1.035066843032837,4
147,1.0357370376586914,4
226,1.0363273620605469,4
2082,1.0370827913284302,0
2352,1.0378175973892212,4
861,1.0381544828414917,1
1264,1.0382664203643799,0
823,1.0385286808013916,4
54,1.0401450395584106,0
1980,1.0401651859283447,1
417,1.0401670932769775,4
712,1.0409799814224243,0
1166,1.0443785190582275,3
1733,1.0448144674301147,0
2282,1.0449384450912476,1
1225,1.0450503826141357,1
1792,1.045125961303711,0
2090,1.046451210975647,0
855,1.0472737550735474,1
958,1.0486910343170166,4
1873,1.0491102933883667,3
525,1.0492793321609497,1
88,1.050002098083496,3
1206,1.0501196384429932,3
1631,1.05073881149292,0
2185,1.0516146421432495,0
2023,1.0530571937561035,4
1654,1.05307137966156,0
1638,1.0535951852798462,3
1512,1.05390465259552,3
1903,1.0540432929992676,3
852,1.0558347702026367,4
757,1.0561314821243286,4
527,1.0566118955612183,3
940,1.0568386316299438,1
253,1.0584325790405273,0
1883,1.0605443716049194,1
129,1.0606340169906616,3
1843,1.0616241693496704,3
960,1.0628947019577026,4
2292,1.0629643201828003,4
1413,1.0638306140899658,1
455,1.0645806789398193,0
780,1.065181851387024,4
2464,1.0655748844146729,0
1025,1.0658290386199951,4
2003,1.0662192106246948,0
1402,1.0671026706695557,4
275,1.0671930313110352,4
1979,1.0673959255218506,4
851,1.0674983263015747,1
1871,1.0678858757019043,3
155,1.0679785013198853,4
2468,1.0679928064346313,4
141,1.0681102275848389,3
986,1.0682252645492554,3
1478,1.0684881210327148,0
1074,1.0685465335845947,0
2158,1.0691111087799072,1
1275,1.070019006729126,0
1458,1.0702275037765503,0
2160,1.0705647468566895,1
1241,1.0708495378494263,0
2089,1.0708664655685425,1
2205,1.0710124969482422,3
1778,1.0711063146591187,4
1988,1.0711214542388916,3
121,1.0717135667800903,0
772,1.0731755495071411,1
398,1.073374629020691,1
1282,1.0740406513214111,3
906,1.0741233825683594,0
1598,1.0744242668151855,0
564,1.0758671760559082,1
2445,1.076087236404419,3
1039,1.0773228406906128,4
651,1.0785640478134155,0
2152,1.0792735815048218,4
2053,1.082273244857788,4
2444,1.084397554397583,1
127,1.0847899913787842,0
2363,1.0854390859603882,4
1097,1.085638403892517,1
70,1.0858522653579712,3
274,1.0859934091567993,4
809,1.0863126516342163,3
82,1.0872719287872314,4
2478,1.0875694751739502,3
1577,1.0876715183258057,4
1405,1.0882776975631714,0
1690,1.0883480310440063,4
463,1.0885835886001587,0
1908,1.0889419317245483,0
1424,1.08975088596344,1
1970,1.0900039672851562,1
218,1.0900501012802124,4
885,1.0906764268875122,0
369,1.0915580987930298,0
1191,1.091866374015808,4
603,1.092022180557251,0
508,1.0921871662139893,4
839,1.0926140546798706,3
2141,1.0941641330718994,4
2180,1.094399094581604,0
984,1.095062017440796,0
2156,1.0952095985412598,1
2325,1.0956436395645142,0
2163,1.0957468748092651,3
1129,1.0964374542236328,1
740,1.0979173183441162,4
396,1.0987162590026855,3
2406,1.0987932682037354,0
2040,1.0988295078277588,3
1468,1.099179983139038,3
1087,1.0991803407669067,3
332,1.0992525815963745,1
1290,1.0994248390197754,4
451,1.0997363328933716,0
115,1.100302815437317,0
74,1.1008609533309937,4
1399,1.1009601354599,4
1629,1.1015390157699585,4
43,1.1016380786895752,1
1425,1.102347493171692,4
484,1.102643609046936,1
1611,1.1028481721878052,4
751,1.1040968894958496,0
1787,1.1043076515197754,0
1875,1.1044052839279175,1
193,1.1044906377792358,1
711,1.1051477193832397,4
1748,1.1062723398208618,1
2313,1.1072593927383423,3
1609,1.1077924966812134,3
1679,1.1079609394073486,0
756,1.107985258102417,4
512,1.108210563659668,3
2074,1.108583927154541,1
1019,1.109636664390564,4
1048,1.1098687648773193,1
2223,1.1123645305633545,4
145,1.1125457286834717,3
1272,1.1127744913101196,4
280,1.1132326126098633,1
1547,1.1132639646530151,4
2169,1.1139636039733887,3
407,1.1140393018722534,4
1822,1.114112138748169,4
2054,1.1150869131088257,4
927,1.115121603012085,0
893,1.115440011024475,4
203,1.1155362129211426,1
510,1.1155624389648438,1
1899,1.115911841392517,3
1886,1.1166579723358154,1
2096,1.117087960243225,1
15,1.117377758026123,1
1548,1.1175626516342163,4
748,1.1195757389068604,0
853,1.119879126548767,4
690,1.1199299097061157,1
1505,1.1206570863723755,1
1463,1.120671272277832,1
1431,1.121337890625,4
32,1.1219191551208496,3
384,1.1224876642227173,0
2075,1.1229528188705444,1
471,1.123448133468628,3
1569,1.126814603805542,4
1703,1.1273068189620972,0
819,1.1275542974472046,4
2461,1.1285454034805298,4
689,1.1293201446533203,0
1668,1.1319637298583984,4
487,1.132296085357666,4
2382,1.1326600313186646,3
1625,1.132703185081482,1
2388,1.1329325437545776,1
1475,1.1338499784469604,3
241,1.1342997550964355,1
2129,1.1344633102416992,1
2479,1.135503888130188,1
1657,1.135598063468933,0
856,1.1356289386749268,1
125,1.1369719505310059,4
925,1.1371886730194092,3
2484,1.137271761894226,0
1506,1.137328028678894,0
917,1.1373534202575684,3
1427,1.1380804777145386,4
211,1.1385971307754517,1
496,1.140332579612732,3
1849,1.1418867111206055,0
14,1.1431331634521484,4
2339,1.1437917947769165,3
430,1.1439449787139893,4
1841,1.1450891494750977,4
2267,1.1453027725219727,4
2144,1.1453957557678223,1
1574,1.146008849143982,0
2025,1.146411418914795,4
1592,1.1468708515167236,0
2384,1.147142767906189,4
1520,1.147608995437622,4
2050,1.1485179662704468,3
2497,1.1485710144042969,1
90,1.1486612558364868,1
1119,1.1488540172576904,4
2321,1.148888111114502,3
2017,1.150872826576233,3
1021,1.1511385440826416,3
1186,1.1512212753295898,3
1817,1.1527248620986938,1
2249,1.1546590328216553,3
2018,1.1546671390533447,4
2290,1.1546752452850342,4
291,1.1549493074417114,4
771,1.1564549207687378,0
1193,1.1571499109268188,4
2194,1.1578248739242554,0
1317,1.1585865020751953,4
903,1.1587193012237549,1
2396,1.1587610244750977,3
295,1.159203052520752,4
539,1.1603121757507324,4
948,1.1605833768844604,0
408,1.1607569456100464,1
197,1.1607624292373657,3
1691,1.1608697175979614,4
698,1.164028286933899,0
1456,1.1641086339950562,4
1926,1.1648271083831787,4
1472,1.165157675743103,3
132,1.1655499935150146,4
1294,1.1659198999404907,4
538,1.1662954092025757,1
204,1.1670446395874023,0
1562,1.167656421661377,1
2176,1.1677231788635254,4
335,1.1678448915481567,0
1808,1.1682862043380737,1
356,1.168723225593567,4
1051,1.1688494682312012,0
39,1.1700540781021118,3
2280,1.1709516048431396,4
2453,1.1714414358139038,3
1671,1.1714611053466797,3
1864,1.171663761138916,3
31,1.171828031539917,4
891,1.17184317111969,1
1383,1.1737056970596313,1
257,1.174530029296875,1
831,1.1746808290481567,1
1964,1.175358772277832,4
505,1.1753829717636108,3
1001,1.1756024360656738,0
1534,1.1763019561767578,1
1839,1.1763912439346313,1
237,1.1768200397491455,4
2477,1.1771947145462036,1
299,1.1772866249084473,0
1013,1.1778852939605713,0
1874,1.1793885231018066,4
1517,1.179612636566162,1
1126,1.1796244382858276,1
2083,1.1800990104675293,4
827,1.180720329284668,4
1509,1.1813771724700928,1
1073,1.18208646774292,4
1243,1.182126522064209,3
2239,1.1823508739471436,4
1555,1.182378888130188,1
1345,1.183632254600525,0
292,1.1837676763534546,3
2285,1.1839700937271118,4
1848,1.1839783191680908,4
1000,1.1845167875289917,4
447,1.1849044561386108,3
119,1.185239315032959,1
467,1.1852450370788574,1
2073,1.1858352422714233,4
1367,1.1858950853347778,0
16,1.1859066486358643,4
189,1.1876890659332275,4
726,1.1887465715408325,1
696,1.1887751817703247,1
2346,1.1888165473937988,4
1296,1.1889275312423706,4
418,1.1902527809143066,4
2015,1.1903992891311646,4
1764,1.190680980682373,4
450,1.1917784214019775,4
1713,1.1918739080429077,0
2274,1.1921783685684204,4
1608,1.193569302558899,4
1103,1.1942989826202393,1
677,1.1949572563171387,1
2341,1.1952946186065674,3
1192,1.1953110694885254,3
1072,1.1954429149627686,1
1172,1.1959325075149536,1
1462,1.1960840225219727,3
815,1.1963273286819458,4
1205,1.1968432664871216,1
1825,1.1973636150360107,0
446,1.1973986625671387,0
92,1.1975154876708984,1
1031,1.197625994682312,1
1489,1.1980551481246948,0
550,1.1980607509613037,2
1721,1.199039101600647,0
2336,1.1990662813186646,3
1646,1.1995139122009277,3
1297,1.200089693069458,4
604,1.2001900672912598,1
801,1.2008305788040161,1
1752,1.2010856866836548,3
377,1.2012410163879395,1
2367,1.2013039588928223,3
2140,1.2014548778533936,0
89,1.2016866207122803,4
1083,1.202749490737915,3
311,1.2034639120101929,1
1304,1.2040009498596191,0
1254,1.2043771743774414,1
1052,1.204540491104126,4
1916,1.205209493637085,1
1523,1.2058466672897339,1
585,1.2062033414840698,4
1996,1.2066402435302734,4
2320,1.2075483798980713,0
1429,1.2077915668487549,1
1704,1.2084643840789795,0
1596,1.2086384296417236,4
807,1.2086840867996216,4
45,1.2091652154922485,2
2183,1.2095073461532593,4
2306,1.2100021839141846,4
1200,1.2103389501571655,3
2389,1.2114806175231934,0
933,1.2118703126907349,3
883,1.2120517492294312,1
573,1.2121174335479736,4
151,1.2121814489364624,4
2350,1.212517261505127,0
1255,1.2128716707229614,4
198,1.2133535146713257,0
2133,1.213682770729065,1
2289,1.2138339281082153,3
1667,1.2140315771102905,4
343,1.2148545980453491,1
682,1.2150548696517944,1
2438,1.215444564819336,1
475,1.2157284021377563,0
1928,1.2160255908966064,0
843,1.2161575555801392,4
2022,1.2162290811538696,4
1858,1.2165789604187012,3
922,1.217394471168518,3
225,1.2180160284042358,1
160,1.2181038856506348,0
2262,1.2183774709701538,2
489,1.2190004587173462,4
1089,1.2192859649658203,0
1677,1.2193869352340698,3
1137,1.2204254865646362,1
1411,1.2207536697387695,4
1421,1.2211133241653442,3
2378,1.2213999032974243,2
1962,1.2227474451065063,0
2220,1.222908616065979,4
255,1.2230185270309448,1
1836,1.2231923341751099,4
385,1.2236723899841309,2
1616,1.2236897945404053,3
1518,1.2237749099731445,1
2456,1.2243609428405762,1
81,1.224653959274292,1
2058,1.226245641708374,3
650,1.226314902305603,4
2117,1.2263996601104736,4
1959,1.2266610860824585,4
939,1.2270323038101196,1
659,1.227623462677002,1
624,1.227628469467163,3
46,1.2277956008911133,1
101,1.228324055671692,0
2305,1.228615403175354,4
1933,1.2287205457687378,3
2423,1.2287673950195312,4
1412,1.2290748357772827,4
2227,1.2304085493087769,1
704,1.230879545211792,1
1152,1.231351613998413,3
1145,1.2321739196777344,2
1178,1.2347633838653564,3
1590,1.234826683998108,0
1389,1.2351001501083374,4
288,1.235173225402832,0
2068,1.2352166175842285,0
2182,1.2352910041809082,4
825,1.2353262901306152,1
1794,1.2356188297271729,1
2390,1.2372585535049438,4
1273,1.2376031875610352,4
1511,1.238229513168335,3
511,1.2382547855377197,1
432,1.2385329008102417,3
2451,1.2392035722732544,4
2278,1.2392667531967163,4
361,1.2396149635314941,3
588,1.2401585578918457,3
1587,1.2407089471817017,3
1865,1.2412623167037964,1
516,1.2413136959075928,4
1938,1.2415276765823364,0
170,1.2416343688964844,0
563,1.2418479919433594,1
380,1.2418547868728638,4
2408,1.2421793937683105,0
1108,1.2428913116455078,3
1941,1.2429559230804443,3
1640,1.2435044050216675,4
473,1.2437207698822021,4
230,1.244379997253418,2
1710,1.2450088262557983,3
999,1.2457016706466675,4
2277,1.2462289333343506,4
553,1.2466641664505005,4
2020,1.2467172145843506,4
1658,1.2467612028121948,2
1210,1.2469534873962402,3
1260,1.2479711771011353,3
298,1.2482882738113403,4
485,1.2486169338226318,4
574,1.248714566230774,4
970,1.248738408088684,4
975,1.2487891912460327,1
2164,1.2488256692886353,4
1450,1.2488726377487183,4
1828,1.2491655349731445,1
1461,1.2492167949676514,4
985,1.2496148347854614,3
916,1.2496495246887207,2
745,1.2498457431793213,3
2281,1.2498770952224731,3
842,1.2502520084381104,4
330,1.2514798641204834,4
294,1.2523138523101807,0
547,1.2528024911880493,4
2291,1.2530673742294312,3
476,1.2534321546554565,4
670,1.2538214921951294,0
1881,1.2539008855819702,2
2087,1.2539188861846924,2
2231,1.25403892993927,2
1853,1.2549630403518677,1
492,1.2550665140151978,4
1027,1.2554229497909546,3
1664,1.2557493448257446,2
2297,1.2559068202972412,3
1524,1.257375717163086,3
20,1.2574712038040161,2
1217,1.257689118385315,2
1602,1.2581027746200562,1
626,1.258980631828308,0
968,1.2602245807647705,1
1245,1.260538935661316,2
57,1.2605981826782227,4
1816,1.261830449104309,4
1827,1.262294054031372,3
366,1.2628438472747803,4
662,1.2633025646209717,4
1480,1.2633719444274902,2
157,1.263462781906128,2
68,1.263472080230713,4
1840,1.2639704942703247,2
486,1.2639992237091064,4
1360,1.264341950416565,4
637,1.2644658088684082,1
1895,1.26447594165802,4
1112,1.2655667066574097,2
234,1.2656067609786987,1
437,1.2657123804092407,2
680,1.2662259340286255,4
549,1.266620397567749,0
479,1.266769528388977,1
3,1.2668967247009277,0
2347,1.266944408416748,2
256,1.2673633098602295,0
362,1.267374038696289,0
1114,1.2674126625061035,2
357,1.267669916152954,2
422,1.2681831121444702,0
1603,1.2682361602783203,1
2276,1.2684491872787476,3
1328,1.268938422203064,3
1354,1.2693476676940918,2
1141,1.2695705890655518,4
658,1.26983642578125,2
746,1.2698540687561035,0
1749,1.2699373960494995,4
1760,1.269965410232544,2
470,1.2701531648635864,3
899,1.2710485458374023,4
1852,1.2712386846542358,3
262,1.271277904510498,2
278,1.2714602947235107,3
18,1.2715506553649902,4
2241,1.271630883216858,2
826,1.2720072269439697,2
522,1.2720937728881836,4
1230,1.2721173763275146,0
716,1.272423267364502,2
754,1.2729771137237549,4
2272,1.2730321884155273,2
1012,1.2732536792755127,2
1702,1.2736777067184448,2
874,1.2737886905670166,4
1168,1.2738919258117676,2
1845,1.2747387886047363,4
1513,1.2748104333877563,4
1390,1.2762069702148438,2
297,1.2762806415557861,4
656,1.2767388820648193,3
1870,1.2770603895187378,0
410,1.2772201299667358,1
2259,1.277245283126831,4
533,1.2772985696792603,2
1954,1.277571678161621,0
1161,1.2778112888336182,2
300,1.278120994567871,2
1743,1.2789911031723022,1
1238,1.2791460752487183,4
464,1.2795923948287964,4
166,1.279848575592041,3
1681,1.2800109386444092,1
236,1.2800180912017822,0
785,1.2802122831344604,2
379,1.2805078029632568,0
250,1.2812647819519043,3
552,1.281631350517273,2
941,1.2817661762237549,3
0,1.2818050384521484,4
930,1.282017469406128,2
1953,1.2821975946426392,1
1132,1.2829471826553345,2
572,1.2832181453704834,3
973,1.2833929061889648,1
773,1.2836905717849731,3
2174,1.2840689420700073,2
971,1.2841731309890747,2
1939,1.2847946882247925,1
1384,1.2856664657592773,4
196,1.2872273921966553,2
490,1.2874140739440918,2
666,1.2874926328659058,1
1280,1.287916660308838,4
2440,1.2881042957305908,2
951,1.2881242036819458,3
907,1.288238286972046,2
1554,1.288306474685669,3
1532,1.2884132862091064,4
1570,1.2890394926071167,2
1196,1.289594054222107,4
865,1.2897850275039673,2
1332,1.2902034521102905,4
1946,1.2902395725250244,3
2416,1.290696620941162,4
1076,1.2907298803329468,2
2072,1.2910420894622803,0
2016,1.2915804386138916,1
1634,1.2917019128799438,2
2386,1.2918035984039307,1
749,1.291909098625183,3
1526,1.2924220561981201,2
2318,1.2926667928695679,1
1393,1.2926669120788574,3
2411,1.2929089069366455,0
1113,1.292952537536621,4
918,1.2931267023086548,1
2035,1.2931580543518066,1
1015,1.2931602001190186,4
128,1.2933694124221802,2
717,1.293386459350586,3
373,1.2934575080871582,3
2077,1.293516993522644,2
270,1.2937755584716797,0
195,1.2940043210983276,2
1711,1.294287085533142,4
1201,1.294358491897583,0
2002,1.2943956851959229,2
1967,1.2945500612258911,2
2001,1.2948206663131714,2
1763,1.2952752113342285,2
1365,1.2955719232559204,1
1179,1.2959192991256714,2
2413,1.2960526943206787,2
2338,1.2963463068008423,4
869,1.2967580556869507,2
1756,1.297290563583374,4
877,1.2976880073547363,2
1493,1.2977896928787231,4
1016,1.2986924648284912,3
2430,1.2991602420806885,4
2473,1.299736499786377,2
2190,1.300015926361084,2
1876,1.3000619411468506,2
1423,1.3001248836517334,2
1559,1.3002593517303467,3
1708,1.3002817630767822,2
761,1.3008509874343872,2
1235,1.3010879755020142,2
576,1.301300287246704,2
367,1.3015110492706299,2
2124,1.3019189834594727,2
1800,1.3022699356079102,2
1956,1.3027501106262207,4
2101,1.3027894496917725,4
1784,1.3031251430511475,2
2487,1.303179383277893,3
2317,1.303192138671875,3
1454,1.3032875061035156,3
607,1.303395390510559,2
2229,1.303496241569519,1
912,1.3036502599716187,2
1915,1.3036894798278809,2
2303,1.30376398563385,2
2067,1.3039934635162354,0
990,1.3039976358413696,4
913,1.3043769598007202,4
2434,1.3046603202819824,4
1239,1.304888367652893,2
962,1.3052186965942383,0
733,1.305522084236145,2
2051,1.3056234121322632,4
1666,1.3058674335479736,3
1786,1.3058714866638184,0
35,1.3058732748031616,4
172,1.3064463138580322,0
517,1.306536316871643,2
1077,1.3074381351470947,2
24,1.3076025247573853,3
247,1.307908058166504,3
2238,1.307961106300354,4
1879,1.3081737756729126,3
2046,1.3084677457809448,0
2177,1.3091158866882324,4
329,1.3093159198760986,3
190,1.3095570802688599,2
618,1.3095762729644775,2
1162,1.3097137212753296,4
2335,1.3097189664840698,2
928,1.3098907470703125,2
1887,1.3110159635543823,2
105,1.311344027519226,2
21,1.311704158782959,2
1652,1.3117828369140625,2
1234,1.3121044635772705,2
2122,1.3121662139892578,3
1685,1.3124533891677856,4
111,1.3126022815704346,4
1753,1.312799096107483,2
2354,1.3131844997406006,2
2351,1.3132168054580688,2
774,1.3132306337356567,2
763,1.3134117126464844,0
251,1.3137435913085938,2
210,1.3140528202056885,2
848,1.3141015768051147,2
723,1.314228892326355,3
1320,1.314266324043274,2
1665,1.3145804405212402,2
1600,1.3145875930786133,2
2009,1.3146024942398071,0
420,1.3151086568832397,0
979,1.315413475036621,3
468,1.315443515777588,2
1322,1.3157470226287842,2
988,1.3158677816390991,2
1061,1.3159319162368774,2
1177,1.3159784078598022,3
1011,1.3159899711608887,2
376,1.3163354396820068,2
791,1.3163509368896484,2
2168,1.3166663646697998,2
1614,1.3167327642440796,0
2295,1.3167641162872314,2
1977,1.3168809413909912,2
1134,1.3174054622650146,2
1060,1.3179177045822144,2
1376,1.3185831308364868,1
208,1.3186691999435425,2
2216,1.3187998533248901,2
1950,1.318983793258667,3
1575,1.3190678358078003,4
1821,1.320892333984375,2
598,1.3209283351898193,1
1102,1.3212952613830566,2
242,1.3215681314468384,1
1435,1.3217318058013916,2
1315,1.3217787742614746,4
261,1.3218966722488403,2
981,1.3219033479690552,2
1469,1.3224090337753296,2
1937,1.3226981163024902,2
1403,1.3229783773422241,2
602,1.3237338066101074,1
1477,1.3237783908843994,2
1155,1.3239268064498901,1
1712,1.323986291885376,2
1334,1.3240363597869873,2
2421,1.32442045211792,2
271,1.3251086473464966,3
2233,1.3254154920578003,1
886,1.3254737854003906,4
1910,1.325619101524353,4
445,1.3256251811981201,1
1549,1.3256345987319946,1
2198,1.3257853984832764,2
199,1.3262805938720703,2
1835,1.326282262802124,2
1957,1.3274612426757812,3
2299,1.3277645111083984,2
949,1.3279386758804321,0
498,1.3280627727508545,2
1647,1.328071117401123,2
1689,1.3282406330108643,1
2247,1.3283817768096924,2
1008,1.3286701440811157,2
935,1.328700065612793,2
1738,1.3287667036056519,2
954,1.3290579319000244,2
1131,1.3293753862380981,2
73,1.3299520015716553,4
1023,1.3302890062332153,3
705,1.3304227590560913,0
674,1.3305883407592773,1
392,1.3310033082962036,1
513,1.3313738107681274,4
1053,1.3315168619155884,2
1348,1.331868290901184,2
2162,1.331931710243225,2
1407,1.3319591283798218,2
1482,1.3319637775421143,2
2013,1.3321559429168701,1
1571,1.332412838935852,2
1719,1.3330824375152588,2
814,1.333389163017273,3
2476,1.3335469961166382,1
1189,1.3336570262908936,2
351,1.333835244178772,2
1082,1.3341248035430908,4
1349,1.334632396697998,2
2099,1.3347554206848145,3
1500,1.3354558944702148,2
647,1.3358789682388306,2
1572,1.3366992473602295,0
2452,1.3369626998901367,2
2097,1.33731210231781,4
2246,1.3379557132720947,3
1923,1.3379936218261719,4
1018,1.337993860244751,2
623,1.3380465507507324,4
1136,1.338154911994934,1
1519,1.3384207487106323,2
1386,1.3385379314422607,2
1247,1.3387868404388428,2
1758,1.3388586044311523,2
389,1.338914155960083,2
154,1.3390600681304932,2
104,1.3391817808151245,2
440,1.3396515846252441,2
482,1.3396589756011963,2
545,1.3406476974487305,2
1877,1.3406732082366943,1
1430,1.340749740600586,2
909,1.341178297996521,3
1798,1.341265082359314,4
176,1.3412801027297974,2
1329,1.3414274454116821,2
1404,1.3417255878448486,2
1084,1.3418527841567993,0
1006,1.3419348001480103,0
6,1.3422261476516724,3
72,1.3424160480499268,3
1781,1.3432930707931519,3
435,1.3435293436050415,2
2380,1.3446390628814697,2
738,1.3448662757873535,2
784,1.345185399055481,2
642,1.3455114364624023,2
947,1.3462368249893188,4
1181,1.3464030027389526,3
616,1.3464069366455078,0
1968,1.3466730117797852,0
2370,1.3469359874725342,2
1686,1.347496509552002,4
2467,1.3480077981948853,2
1732,1.3484344482421875,2
2308,1.3485307693481445,3
192,1.3487197160720825,2
1220,1.3488086462020874,2
1042,1.3488937616348267,2
1729,1.3489274978637695,2
1004,1.349346399307251,4
838,1.3494423627853394,1
2225,1.3498936891555786,1
2454,1.3499294519424438,2
1925,1.3506295680999756,1
1802,1.3507071733474731,3
1860,1.3509716987609863,2
2349,1.351125955581665,2
542,1.3515114784240723,2
2224,1.3516205549240112,3
1095,1.3516342639923096,2
2043,1.352200984954834,2
2260,1.3525967597961426,2
391,1.3534727096557617,2
1302,1.3535770177841187,2
2032,1.3536577224731445,0
661,1.3537976741790771,2
100,1.3547823429107666,2
1573,1.3550692796707153,2
2226,1.3554654121398926,1
1716,1.3561614751815796,0
702,1.3563823699951172,2
655,1.3565807342529297,2
1110,1.3568549156188965,2
1278,1.3569492101669312,2
868,1.3570504188537598,4
2422,1.3570809364318848,1
372,1.357643723487854,4
2211,1.3576598167419434,2
1935,1.357672929763794,2
2375,1.357952356338501,2
870,1.3582589626312256,4
691,1.3584927320480347,2
1185,1.3585772514343262,2
2345,1.3585896492004395,1
2202,1.3586373329162598,1
2404,1.3598899841308594,3
2217,1.3600047826766968,1
1744,1.3605877161026,3
1901,1.3606380224227905,2
310,1.3611117601394653,2
810,1.3616498708724976,4
938,1.3617517948150635,1
2012,1.3619145154953003,3
1682,1.3620535135269165,2
972,1.36284601688385,1
1153,1.363351821899414,2
321,1.3634752035140991,2
1868,1.363786220550537,0
2489,1.364229679107666,2
2038,1.3648265600204468,2
2366,1.3651468753814697,2
1372,1.365386724472046,0
267,1.3659967184066772,2
2377,1.3659992218017578,3
695,1.3660988807678223,2
313,1.36613130569458,4
565,1.366208553314209,2
2348,1.3664016723632812,0
122,1.3664443492889404,4
2381,1.3664798736572266,3
1680,1.3667505979537964,2
123,1.3669066429138184,2
1323,1.3672291040420532,1
2391,1.3672292232513428,4
2492,1.3673102855682373,2
1401,1.3673572540283203,2
728,1.3675297498703003,2
577,1.3677442073822021,2
1125,1.3678808212280273,4
862,1.3681449890136719,2
1229,1.3695237636566162,3
1905,1.3699955940246582,3
1017,1.3701640367507935,1
1099,1.370184302330017,1
1888,1.3703304529190063,2
812,1.370585322380066,1
309,1.3710954189300537,2
1889,1.371241569519043,4
443,1.3713634014129639,0
2279,1.3716402053833008,3
2173,1.3716552257537842,1
1009,1.3717306852340698,4
152,1.3719048500061035,3
143,1.3719907999038696,4
10,1.3720163106918335,2
932,1.3722782135009766,0
1188,1.3732662200927734,3
2109,1.3733149766921997,0
1811,1.3736672401428223,2
1987,1.3737510442733765,4
701,1.3749849796295166,2
273,1.375186562538147,0
739,1.3755557537078857,4
209,1.3764317035675049,2
1624,1.377196192741394,2
991,1.3779510259628296,2
1820,1.3781622648239136,2
1063,1.3782082796096802,2
358,1.3791589736938477,2
1080,1.379450798034668,1
279,1.3796466588974,1
1014,1.379722237586975,2
161,1.3799821138381958,4
249,1.3800413608551025,2
710,1.3801023960113525,4
383,1.380911946296692,4
67,1.3809301853179932,2
818,1.381447434425354,2
551,1.3814735412597656,2
1105,1.3815176486968994,2
1268,1.3815300464630127,2
1847,1.3815511465072632,3
2499,1.3815962076187134,4
1442,1.3816379308700562,2
721,1.381913185119629,3
1810,1.3820610046386719,3
681,1.382197380065918,4
2137,1.382323145866394,2
2128,1.3823316097259521,0
2232,1.3830868005752563,2
1305,1.3830950260162354,4
1090,1.3843798637390137,3
2028,1.3845027685165405,2
1952,1.3845946788787842,1
1337,1.3856908082962036,1
2342,1.385725736618042,3
1197,1.3859004974365234,2
138,1.3860841989517212,4
2410,1.3863236904144287,2
44,1.3865283727645874,0
301,1.3866130113601685,2
529,1.3871402740478516,0
1801,1.3872345685958862,1
1675,1.387505054473877,2
77,1.3875435590744019,2
252,1.3880261182785034,1
692,1.3882540464401245,2
2155,1.3885464668273926,2
1783,1.3889830112457275,1
1535,1.3893802165985107,2
393,1.3894617557525635,2
2257,1.389514684677124,2
989,1.389539361000061,4
1157,1.3903307914733887,4
2301,1.3903318643569946,2
1024,1.3906809091567993,2
1833,1.3907530307769775,2
1171,1.391071081161499,4
2362,1.391129970550537,4
596,1.3920600414276123,2
630,1.3920665979385376,4
799,1.392567753791809,1
2151,1.3925879001617432,2
787,1.3933972120285034,2
1375,1.3941900730133057,1
1127,1.3943554162979126,1
2358,1.394421935081482,3
790,1.3945695161819458,2
2447,1.3946924209594727,4
402,1.3948554992675781,2
520,1.3951389789581299,4
248,1.3952326774597168,2
2193,1.3955113887786865,4
2312,1.3956856727600098,2
1538,1.3957971334457397,4
2424,1.3961162567138672,2
2150,1.396459698677063,4
673,1.3969447612762451,1
643,1.3970935344696045,0
1651,1.3975365161895752,2
378,1.397803544998169,0
258,1.3979665040969849,1
1347,1.398045301437378,2
2131,1.398066520690918,1
719,1.3988631963729858,2
1514,1.399457573890686,2
284,1.3998416662216187,1
830,1.3998488187789917,4
120,1.4011375904083252,0
2485,1.4011619091033936,2
992,1.4013434648513794,4
2243,1.402111291885376,3
2218,1.4024736881256104,3
919,1.4034228324890137,3
69,1.403799295425415,4
697,1.403969645500183,3
924,1.4039788246154785,2
1144,1.4046846628189087,1
382,1.4050079584121704,4
811,1.40591299533844,0
1755,1.4061002731323242,1
2049,1.4062693119049072,2
1929,1.4063037633895874,1
846,1.4063653945922852,2
1869,1.4066234827041626,0
1717,1.407083511352539,0
806,1.4070887565612793,0
1122,1.4071204662322998,0
1088,1.4074605703353882,2
187,1.4082977771759033,2
452,1.4084774255752563,4
1594,1.4085965156555176,4
1672,1.4090946912765503,3
2135,1.4096242189407349,4
48,1.4101656675338745,1
494,1.4102668762207031,2
587,1.4105925559997559,4
1438,1.4107306003570557,2
796,1.4110300540924072,0
1298,1.4110311269760132,3
1207,1.4114115238189697,0
1355,1.4126546382904053,2
707,1.4126776456832886,4
1419,1.4130117893218994,3
107,1.4137375354766846,2
1410,1.4140468835830688,4
2446,1.4141732454299927,1
1313,1.4149097204208374,1
1388,1.4151297807693481,3
240,1.4152157306671143,1
820,1.4154822826385498,1
478,1.4163581132888794,2
2458,1.4165832996368408,3
880,1.4176311492919922,2
1301,1.4179095029830933,2
2258,1.418276309967041,3
2459,1.418686032295227,1
1107,1.418981671333313,4
97,1.4197497367858887,2
2004,1.4202414751052856,0
1437,1.4206610918045044,3
7,1.4211640357971191,2
1202,1.4213426113128662,4
1451,1.42149019241333,3
1773,1.4217376708984375,1
1955,1.4220223426818848,4
1780,1.422053575515747,2
931,1.422194480895996,2
1204,1.4225027561187744,0
1321,1.4225084781646729,1
2036,1.423750400543213,1
581,1.423889398574829,2
2148,1.4242266416549683,4
2300,1.4245221614837646,2
1997,1.4245966672897339,2
1291,1.4247493743896484,0
2186,1.4248034954071045,2
725,1.424980878829956,1
977,1.4252817630767822,2
13,1.4259082078933716,2
1919,1.426051139831543,2
1706,1.426249623298645,4
1662,1.426466703414917,4
1591,1.4269779920578003,4
1595,1.4277714490890503,1
1093,1.4281299114227295,2
627,1.428511619567871,0
2398,1.4286699295043945,2
2149,1.4287959337234497,3
137,1.4288783073425293,4
2344,1.42897629737854,3
1961,1.4295177459716797,2
1551,1.42966628074646,2
338,1.429709792137146,4
1249,1.430489182472229,3
1655,1.430523157119751,1
713,1.4310147762298584,4
1805,1.4310270547866821,1
431,1.4310344457626343,2
254,1.4310657978057861,2
1705,1.4315308332443237,2
1059,1.4316381216049194,2
1043,1.4318312406539917,3
215,1.4321943521499634,1
2353,1.4322130680084229,4
828,1.4323614835739136,3
168,1.4332106113433838,3
1081,1.4332213401794434,2
580,1.4334067106246948,1
794,1.433497428894043,3
2027,1.4337822198867798,2
908,1.4341051578521729,3
929,1.4342658519744873,2
1890,1.4343645572662354,1
793,1.4343782663345337,2
760,1.4355106353759766,3
1750,1.4356001615524292,3
2056,1.4357032775878906,4
1775,1.4360125064849854,4
229,1.4361402988433838,4
1674,1.4361615180969238,3
1269,1.4365856647491455,4
19,1.4369127750396729,2
664,1.437007188796997,1
1318,1.4388184547424316,3
2322,1.4390313625335693,0
613,1.4393566846847534,3
872,1.439378023147583,2
314,1.4393892288208008,3
459,1.439642310142517,3
803,1.440399408340454,2
2316,1.4405460357666016,4
348,1.4412668943405151,2
347,1.441586971282959,2
94,1.4419076442718506,0
833,1.4425413608551025,2
1364,1.4426125288009644,3
1159,1.4427299499511719,2
1922,1.4438564777374268,1
514,1.4441417455673218,2
1330,1.444386601448059,0
139,1.4445860385894775,4
769,1.4448060989379883,1
2330,1.4449050426483154,1
2065,1.4450485706329346,3
2165,1.4452385902404785,2
1148,1.4452393054962158,2
2094,1.4454963207244873,2
789,1.446624755859375,0
395,1.4470906257629395,3
1474,1.4471855163574219,2
1982,1.4472908973693848,4
1649,1.4480193853378296,2
1449,1.4483628273010254,3
1628,1.4485371112823486,4
1581,1.4485819339752197,2
1966,1.4490190744400024,3
1344,1.4490737915039062,1
2061,1.449284553527832,2
71,1.4494527578353882,4
2372,1.4499679803848267,2
399,1.4500513076782227,3
1986,1.450237512588501,4
1067,1.4512044191360474,2
1150,1.4513686895370483,1
1368,1.4513781070709229,3
2426,1.4525411128997803,2
2210,1.4530649185180664,3
1620,1.4532475471496582,2
200,1.4532496929168701,0
1669,1.453384280204773,3
363,1.4534024000167847,2
365,1.4534833431243896,2
1175,1.4537513256072998,2
1281,1.454813003540039,3
1169,1.4549648761749268,2
2304,1.4552087783813477,3
544,1.4555398225784302,0
2138,1.4556589126586914,4
2414,1.456333875656128,4
1050,1.4565834999084473,2
334,1.4569288492202759,2
966,1.4569817781448364,0
1242,1.4570882320404053,3
2062,1.4571402072906494,4
413,1.4572490453720093,1
424,1.4577776193618774,2
1003,1.4581485986709595,0
1540,1.4583549499511719,2
22,1.458378791809082,2
2057,1.4585506916046143,4
835,1.4591126441955566,1
1066,1.4597485065460205,2
214,1.4597827196121216,0
996,1.460106372833252,2
1626,1.4603232145309448,4
2334,1.4607226848602295,4
2142,1.4607439041137695,4
2070,1.4611810445785522,1
1976,1.4614441394805908,4
2119,1.4615570306777954,0
95,1.4615899324417114,2
434,1.4619115591049194,1
1994,1.4620795249938965,4
1696,1.4624247550964355,0
961,1.4630730152130127,3
342,1.4633502960205078,3
500,1.4647750854492188,1
2475,1.4649248123168945,3
887,1.4649994373321533,0
457,1.465052843093872,2
1447,1.4651503562927246,1
2296,1.465311884880066,1
942,1.4653183221817017,2
1533,1.4660896062850952,2
1418,1.4667613506317139,3
1793,1.4670263528823853,1
458,1.4674954414367676,2
1503,1.4678306579589844,2
1501,1.4682787656784058,1
1714,1.4695111513137817,3
676,1.4696942567825317,3
2112,1.4701701402664185,4
1633,1.4706718921661377,2
1377,1.4713090658187866,1
1120,1.4715511798858643,2
864,1.4715514183044434,1
1583,1.4718172550201416,2
2076,1.4721840620040894,1
2031,1.4723402261734009,4
1471,1.4730955362319946,2
1250,1.474050760269165,2
1307,1.474392056465149,4
1374,1.4746348857879639,1
2100,1.475010633468628,1
126,1.4753267765045166,4
2275,1.4754780530929565,2
1912,1.475974202156067,2
2465,1.4762028455734253,4
1641,1.4769997596740723,1
1361,1.4772499799728394,2
1173,1.4787263870239258,3
1491,1.4788024425506592,4
980,1.4792691469192505,1
1723,1.4799147844314575,0
23,1.480445146560669,2
1726,1.4804646968841553,2
2171,1.4804790019989014,1
633,1.4814860820770264,2
1809,1.4819087982177734,3
1660,1.48222017288208,4
2166,1.4830434322357178,2
1256,1.483414649963379,3
491,1.4838621616363525,0
217,1.4840624332427979,0
675,1.4843144416809082,2
898,1.484459638595581,4
352,1.4845075607299805,3
905,1.4851101636886597,3
644,1.4852803945541382,3
153,1.4860563278198242,4
235,1.4863295555114746,2
2006,1.4867326021194458,4
570,1.4867782592773438,4
259,1.4868333339691162,0
1902,1.4876539707183838,4
1630,1.4885878562927246,0
729,1.4888672828674316,1
1776,1.4889897108078003,1
1673,1.4905643463134766,4
8,1.4906203746795654,4
714,1.490670919418335,3
1844,1.4909816980361938,1
1270,1.4910387992858887,3
952,1.4913073778152466,2
1496,1.491614580154419,4
955,1.4916949272155762,0
1670,1.4922411441802979,2
524,1.4923508167266846,0
1918,1.493016004562378,1
2014,1.493544578552246,0
1445,1.493941068649292,3
163,1.4939627647399902,2
881,1.4941270351409912,2
1857,1.4941388368606567,4
778,1.494165301322937,3
2309,1.4943293333053589,3
9,1.4943346977233887,3
401,1.4947845935821533,2
375,1.4951375722885132,2
584,1.495151400566101,4
331,1.49541175365448,0
1917,1.4956140518188477,3
1091,1.495935320854187,3
2439,1.4962284564971924,3
1795,1.4976412057876587,1
579,1.4977693557739258,3
1325,1.4978634119033813,1
1759,1.4982380867004395,4
2120,1.49924898147583,1
526,1.4994239807128906,4
1118,1.4998444318771362,4
2425,1.4999604225158691,4
983,1.500401496887207,4
679,1.500550389289856,1
1700,1.5007175207138062,3
164,1.5008147954940796,1
2252,1.5010418891906738,2
945,1.501190423965454,2
1499,1.5012264251708984,4
755,1.501904845237732,0
2253,1.5022149085998535,3
65,1.5023220777511597,1
619,1.503806710243225,3
646,1.5038365125656128,3
1945,1.5041054487228394,0
2379,1.504366159439087,2
1034,1.5046048164367676,0
2412,1.5046252012252808,2
1949,1.5053420066833496,2
188,1.5053584575653076,1
727,1.505737066268921,1
1180,1.5059611797332764,2
93,1.5060603618621826,0
652,1.506645679473877,0
269,1.506883144378662,2
1653,1.5072355270385742,0
1467,1.5072966814041138,1
841,1.5074632167816162,1
1455,1.5078375339508057,2
1062,1.5079776048660278,2
900,1.5085396766662598,1
956,1.5088591575622559,2
781,1.5090335607528687,2
837,1.5093092918395996,2
2059,1.5097328424453735,1
578,1.5101118087768555,3
736,1.5101304054260254,4
1695,1.5105094909667969,2
1359,1.510610818862915,2
1316,1.510682463645935,3
1115,1.511342167854309,4
805,1.5117669105529785,2
1722,1.5127477645874023,3
2000,1.5129618644714355,3
1165,1.5135647058486938,0
1248,1.514036774635315,4
1459,1.5140588283538818,4
1154,1.5147428512573242,0
2005,1.5149905681610107,1
2495,1.5152580738067627,4
1400,1.5157124996185303,3
1747,1.5157643556594849,4
1124,1.5158665180206299,1
1484,1.5160877704620361,0
263,1.5161911249160767,1
2331,1.5162737369537354,3
114,1.516442060470581,1
994,1.5165250301361084,2
327,1.5168999433517456,3
1211,1.5172598361968994,1
134,1.5179657936096191,1
2385,1.5183181762695312,0
753,1.5187071561813354,2
1457,1.5188329219818115,4
429,1.518909215927124,0
1158,1.519724726676941,3
2365,1.5199371576309204,3
1862,1.5202791690826416,2
2442,1.5206466913223267,0
2157,1.520728588104248,4
699,1.5212258100509644,0
1259,1.521316409111023,3
2134,1.521345615386963,4
768,1.521728754043579,4
1635,1.5218067169189453,1
2403,1.5222344398498535,4
1232,1.5226197242736816,0
337,1.5240330696105957,2
1981,1.5241689682006836,3
219,1.5245153903961182,4
2079,1.5254247188568115,0
890,1.5256023406982422,2
415,1.5262372493743896,3
1882,1.5269876718521118,1
943,1.5272839069366455,2
534,1.5277069807052612,4
1898,1.527768850326538,1
1292,1.5278215408325195,4
283,1.5282021760940552,4
2302,1.528285026550293,3
1135,1.5284054279327393,2
558,1.528414011001587,3
688,1.5302337408065796,3
246,1.5303704738616943,0
325,1.5309712886810303,2
2328,1.5330232381820679,3
281,1.533078670501709,2
174,1.5335586071014404,3
290,1.5347789525985718,2
1707,1.5349102020263672,3
1470,1.5351283550262451,3
1699,1.5354843139648438,3
1728,1.5367064476013184,3
265,1.53732430934906,3
277,1.5374469757080078,4
2470,1.5378636121749878,3
1350,1.5380233526229858,2
775,1.5380438566207886,1
638,1.538989782333374,0
668,1.5393433570861816,1
1745,1.5393447875976562,3
1541,1.5394105911254883,1
590,1.5402519702911377,3
1026,1.541419267654419,3
409,1.541461706161499,1
2236,1.5419926643371582,4
2315,1.5422818660736084,1
2373,1.5426608324050903,3
2147,1.5427857637405396,2
1409,1.5438481569290161,0
1948,1.544088363647461,4
1947,1.5447009801864624,1
1866,1.5450150966644287,1
2230,1.5450196266174316,3
2033,1.5452265739440918,4
501,1.5464531183242798,3
1771,1.546674132347107,2
1416,1.5469470024108887,1
1277,1.5469820499420166,1
1143,1.5472947359085083,3
169,1.5473583936691284,3
1351,1.547651767730713,4
387,1.547764539718628,3
614,1.5477668046951294,1
349,1.548656940460205,2
1358,1.5496587753295898,3
1527,1.5500156879425049,1
882,1.5507078170776367,1
537,1.5507760047912598,3
1537,1.5508521795272827,1
1055,1.5511457920074463,3
220,1.551410436630249,4
1974,1.551424503326416,4
216,1.5520573854446411,3
1310,1.5523157119750977,4
2146,1.5525156259536743,1
957,1.5526983737945557,4
1543,1.5527539253234863,3
99,1.5535762310028076,2
1985,1.5540478229522705,1
548,1.5541797876358032,3
543,1.5545172691345215,4
2419,1.5545954704284668,2
2209,1.5546035766601562,2
1381,1.5547096729278564,3
296,1.5548561811447144,2
2394,1.555084466934204,1
1777,1.555264949798584,0
1289,1.5558456182479858,3
52,1.5569233894348145,2
2106,1.5570240020751953,3
1117,1.5573992729187012,1
2395,1.5579838752746582,4
1266,1.558751106262207,1
1327,1.5596425533294678,4
1522,1.5599602460861206,3
222,1.5605204105377197,1
1621,1.5612480640411377,1
1485,1.5624070167541504,3
592,1.562595248222351,1
567,1.5625975131988525,4
1231,1.5629020929336548,2
915,1.5630128383636475,3
1487,1.5630221366882324,3
2244,1.5649809837341309,3
2080,1.5653220415115356,3
858,1.5657305717468262,4
1473,1.5664021968841553,3
1529,1.5664271116256714,3
566,1.5665481090545654,1
1884,1.5667104721069336,1
444,1.5667856931686401,1
1396,1.5672003030776978,2
2329,1.5674325227737427,3
1333,1.5680088996887207,3
26,1.5681838989257812,1
2107,1.5682140588760376,3
481,1.5685322284698486,4
1989,1.5687909126281738,1
605,1.5696239471435547,3
1203,1.5698509216308594,0
902,1.5699808597564697,1
41,1.5700608491897583,2
2248,1.570723533630371,4
2184,1.5710591077804565,1
1927,1.5713647603988647,3
2357,1.5716603994369507,1
1911,1.5717101097106934,1
159,1.5719574689865112,1
850,1.5726449489593506,2
625,1.5732648372650146,0
1246,1.5740346908569336,2
1237,1.5740965604782104,2
339,1.5745207071304321,3
1593,1.5760447978973389,3
360,1.5767097473144531,3
228,1.5773847103118896,2
759,1.5781123638153076,0
2113,1.5782843828201294,3
601,1.5784907341003418,3
1531,1.5786610841751099,4
272,1.5803492069244385,0
1740,1.581047534942627,2
56,1.5811210870742798,1
1479,1.5817294120788574,0
87,1.5821897983551025,3
150,1.5824133157730103,2
1557,1.5825936794281006,1
1812,1.5826594829559326,4
758,1.5828275680541992,1
1309,1.5847781896591187,0
1342,1.5856781005859375,3
64,1.585747480392456,4
1221,1.5861485004425049,0
162,1.5869154930114746,4
1978,1.5870914459228516,1
2130,1.5875784158706665,4
53,1.5877368450164795,2
50,1.5878881216049194,3
2460,1.5883818864822388,3
245,1.588625431060791,3
2178,1.5891718864440918,2
2369,1.5895055532455444,2
404,1.5905736684799194,3
859,1.591881513595581,3
998,1.591990351676941,3
1096,1.5920814275741577,2
2,1.5923740863800049,2
561,1.592612862586975,2
1224,1.5928006172180176,1
507,1.593382716178894,0
1900,1.5936216115951538,1
715,1.5936448574066162,0
1428,1.5937291383743286,1
821,1.5938358306884766,1
1642,1.5940132141113281,2
770,1.594738483428955,1
28,1.5950322151184082,2
1584,1.5963208675384521,1
969,1.5964102745056152,0
594,1.5968722105026245,4
1851,1.5971137285232544,0
1599,1.5984140634536743,1
1930,1.5988281965255737,0
2091,1.5989224910736084,2
747,1.5991028547286987,3
1724,1.5992600917816162,0
840,1.5995099544525146,1
636,1.599555492401123,3
436,1.6005914211273193,1
1104,1.601152777671814,2
2034,1.6013271808624268,3
2161,1.6020562648773193,4
1991,1.6031227111816406,4
788,1.603316068649292,3
340,1.6035182476043701,1
1486,1.6038017272949219,2
359,1.6038732528686523,4
2154,1.6039538383483887,1
1613,1.6039865016937256,3
1564,1.604177474975586,1
2364,1.6053107976913452,1
285,1.6054705381393433,1
2405,1.606174111366272,0
374,1.6063430309295654,4
1530,1.6066806316375732,3
1639,1.6067473888397217,1
1663,1.6071293354034424,2
1824,1.6077215671539307,0
227,1.6088042259216309,1
1265,1.6088594198226929,4
1516,1.6093047857284546,0
1287,1.6094598770141602,1
639,1.6094980239868164,2
346,1.6095560789108276,1
685,1.6102306842803955,0
921,1.6103291511535645,2
1030,1.610823631286621,4
531,1.61106538772583,2
344,1.6113004684448242,4
571,1.6114392280578613,4
2483,1.6117295026779175,2
1213,1.6117781400680542,4
1861,1.6120432615280151,1
1092,1.6120514869689941,2
2019,1.6122100353240967,1
1615,1.6126136779785156,1
732,1.612744927406311,4
136,1.612926959991455,0
876,1.6130573749542236,1
700,1.6138724088668823,0
2491,1.6156972646713257,1
474,1.6159584522247314,3
1262,1.616388201713562,1
568,1.6167757511138916,4
1521,1.616916298866272,1
2021,1.6187248229980469,3
1960,1.6196210384368896,1
2298,1.6201720237731934,0
767,1.6212499141693115,2
2324,1.6213499307632446,2
2175,1.6218109130859375,1
1589,1.6222796440124512,3
1271,1.6225988864898682,1
439,1.6229113340377808,3
178,1.6229960918426514,4
305,1.623462200164795,4
1767,1.624589204788208,3
1678,1.6256027221679688,3
1163,1.625727891921997,2
993,1.626463770866394,1
1863,1.6265965700149536,2
2167,1.6266206502914429,0
304,1.6269094944000244,1
1880,1.6279535293579102,3
2060,1.6280196905136108,2
663,1.6282720565795898,0
386,1.6287126541137695,1
425,1.6289405822753906,1
405,1.6292357444763184,1
1993,1.6315715312957764,1
1525,1.6318703889846802,3
1684,1.6324920654296875,4
1803,1.6330604553222656,0
1494,1.633421540260315,3
2200,1.633941411972046,3
1867,1.6340502500534058,4
1346,1.635369896888733,0
316,1.635634422302246,3
609,1.6359319686889648,4
896,1.636148452758789,4
2237,1.6364257335662842,2
1033,1.6370465755462646,4
194,1.6371248960494995,1
2397,1.6372570991516113,2
860,1.6374061107635498,0
1650,1.6380800008773804,3
83,1.6381642818450928,3
306,1.6401997804641724,4
370,1.640214204788208,0
1338,1.640573263168335,1
1288,1.6418209075927734,4
1111,1.6422832012176514,4
2486,1.6425973176956177,0
2213,1.6428321599960327,4
591,1.6430810689926147,4
308,1.6432663202285767,1
1829,1.643361210823059,0
12,1.6435176134109497,2
1765,1.6435822248458862,1
541,1.643705129623413,4
2463,1.6442608833312988,1
1308,1.6443116664886475,3
1754,1.6445515155792236,3
1698,1.645183801651001,1
857,1.645331859588623,4
466,1.647165298461914,1
708,1.6475692987442017,4
1446,1.6483407020568848,1
535,1.6484415531158447,3
2045,1.6491113901138306,2
1504,1.649569034576416,1
1837,1.6502059698104858,2
1038,1.6504244804382324,4
976,1.651151180267334,4
1086,1.651161789894104,2
460,1.6519451141357422,1
742,1.6519665718078613,3
354,1.6524035930633545,4
1766,1.6531445980072021,0
62,1.6534819602966309,3
1727,1.654715895652771,3
412,1.6550544500350952,2
2337,1.655260682106018,1
2400,1.6553560495376587,3
1632,1.656032919883728,3
645,1.656042456626892,1
1257,1.6570661067962646,3
368,1.6572446823120117,2
635,1.6579840183258057,3
897,1.6582022905349731,2
1856,1.658436894416809,3
448,1.658625602722168,0
213,1.6590341329574585,1
1397,1.6596726179122925,4
923,1.6612787246704102,2
1751,1.6613988876342773,0
182,1.6614489555358887,1
889,1.6619857549667358,1
1293,1.6624116897583008,3
130,1.662878155708313,1
1508,1.6633598804473877,4
30,1.664022445678711,2
1079,1.6643643379211426,2
2327,1.6645153760910034,2
2172,1.6646406650543213,1
1495,1.6656032800674438,2
186,1.6674742698669434,3
724,1.6676626205444336,0
1378,1.668147087097168,3
2187,1.66822350025177,1
2448,1.6691503524780273,1
817,1.6699426174163818,3
86,1.6730971336364746,1
27,1.673575520515442,3
2143,1.6743361949920654,0
1734,1.6750928163528442,1
555,1.6753005981445312,3
117,1.6760985851287842,2
1735,1.676155924797058,3
1819,1.6787693500518799,1
1215,1.6794074773788452,1
1303,1.6801413297653198,2
1483,1.6803325414657593,1
456,1.6805064678192139,4
201,1.6818351745605469,4
944,1.6824291944503784,0
1002,1.6828014850616455,1
936,1.6831201314926147,4
2093,1.68342924118042,3
1195,1.6836761236190796,0
878,1.6838792562484741,2
1037,1.6839462518692017,3
34,1.6841423511505127,3
1510,1.6845765113830566,4
205,1.6847985982894897,0
718,1.685171365737915,3
1789,1.685673475265503,0
867,1.6859149932861328,4
1934,1.6863596439361572,3
824,1.6869760751724243,4
2457,1.6875944137573242,1
238,1.6876221895217896,1
1983,1.6878635883331299,3
849,1.690497875213623,3
1788,1.6916203498840332,3
1643,1.6917102336883545,1
521,1.6925938129425049,1
2095,1.6942133903503418,1
1116,1.6943175792694092,0
1659,1.6948378086090088,0
1274,1.6952402591705322,0
1222,1.6954561471939087,1
1774,1.6958476305007935,2
822,1.6960688829421997,4
1187,1.6967629194259644,1
1223,1.697371482849121,0
414,1.6979237794876099,3
1371,1.6981217861175537,1
703,1.6996716260910034,2
910,1.69993257522583,0
165,1.700207233428955,1
1604,1.7011033296585083,1
1056,1.7019437551498413,1
1601,1.7023236751556396,0
1151,1.7024766206741333,1
276,1.7033346891403198,4
1627,1.703345537185669,1
599,1.7060611248016357,1
108,1.7066259384155273,4
523,1.7066609859466553,1
85,1.7067965269088745,3
2063,1.7075741291046143,0
1920,1.7103240489959717,1
1406,1.7114825248718262,1
560,1.7128040790557861,0
600,1.7130868434906006,0
1588,1.7133052349090576,2
1790,1.7145345211029053,2
2039,1.715006947517395,1
1975,1.716091513633728,2
29,1.7176899909973145,2
336,1.7177718877792358,2
319,1.7180293798446655,0
895,1.7185077667236328,2
266,1.7190394401550293,4
207,1.720444679260254,0
904,1.7204837799072266,0
777,1.7205013036727905,2
1252,1.7207777500152588,2
109,1.7208943367004395,0
836,1.7211467027664185,3
1580,1.7220022678375244,0
640,1.7234350442886353,3
2441,1.7239006757736206,0
1460,1.7253811359405518,1
798,1.7254414558410645,0
1973,1.7261906862258911,1
1931,1.72646164894104,1
1556,1.726611852645874,2
743,1.7266831398010254,4
2110,1.7272357940673828,2
1944,1.7279365062713623,2
2387,1.7280075550079346,0
844,1.7280539274215698,1
428,1.7290822267532349,4
1415,1.731523871421814,2
183,1.7317711114883423,0
1140,1.731827735900879,4
1770,1.732750654220581,1
532,1.7327712774276733,3
2044,1.733187198638916,1
2245,1.733363151550293,4
1071,1.7346779108047485,2
1725,1.7364000082015991,0
1546,1.7373961210250854,1
113,1.7379673719406128,1
1969,1.739608645439148,4
1036,1.739738941192627,1
1070,1.7410342693328857,0
871,1.741037130355835,0
61,1.741145133972168,4
2104,1.7412339448928833,1
1636,1.7412549257278442,0
1385,1.7412852048873901,0
606,1.7418408393859863,1
233,1.742065191268921,1
1,1.7428474426269531,3
341,1.7434895038604736,2
371,1.744057059288025,0
438,1.7441147565841675,4
1314,1.7446088790893555,1
55,1.7460969686508179,1
1078,1.7461826801300049,0
2048,1.7471849918365479,4
79,1.747352957725525,4
1258,1.747667670249939,0
2311,1.747759461402893,2
610,1.7495698928833008,1
686,1.7509338855743408,3
1813,1.7521212100982666,2
879,1.7525289058685303,1
185,1.7531059980392456,4
1769,1.753566861152649,2
1285,1.7538396120071411,3
2199,1.7557002305984497,1
2360,1.7558717727661133,1
1170,1.7563332319259644,2
324,1.7578709125518799,2
731,1.7595946788787842,2
1380,1.759873390197754,4
1617,1.7603060007095337,3
2204,1.761322259902954,0
1218,1.7613906860351562,4
2201,1.762619972229004,1
1198,1.7627556324005127,3
1167,1.76328706741333,3
2399,1.7652451992034912,3
1720,1.7660324573516846,1
1146,1.7662391662597656,0
795,1.7665050029754639,0
148,1.766575813293457,3
1585,1.7666512727737427,4
2251,1.7671459913253784,1
800,1.7688233852386475,1
2219,1.7695224285125732,1
453,1.7698529958724976,0
2437,1.769902229309082,0
2127,1.7701433897018433,1
76,1.7704353332519531,1
1085,1.771022915840149,3
221,1.7717647552490234,1
2432,1.7719414234161377,2
1782,1.7720082998275757,1
1995,1.7726188898086548,3
1440,1.7771070003509521,3
1488,1.778139591217041,4
2496,1.778611660003662,1
1209,1.7793539762496948,2
493,1.7799838781356812,1
997,1.7801454067230225,2
752,1.7813715934753418,0
2407,1.7845981121063232,4
1142,1.7852089405059814,3
816,1.785776138305664,0
1417,1.7858939170837402,4
1834,1.7866196632385254,0
1044,1.7874722480773926,0
1020,1.788522481918335,0
144,1.789088487625122,0
2069,1.7902910709381104,1
734,1.7927169799804688,0
1236,1.7931571006774902,1
1586,1.7937853336334229,0
1936,1.7939825057983398,0
38,1.795044183731079,1
2126,1.795128583908081,1
802,1.7951345443725586,3
36,1.7951363325119019,1
1687,1.7951784133911133,1
1441,1.7952769994735718,3
2294,1.7953286170959473,1
1718,1.7965810298919678,4
394,1.7966291904449463,3
1576,1.7975897789001465,4
974,1.7994122505187988,2
2207,1.7995784282684326,1
1567,1.8006303310394287,1
1408,1.80091392993927,1
1832,1.801598310470581,4
2255,1.8016738891601562,0
2288,1.8030107021331787,4
397,1.8049092292785645,3
2471,1.8053457736968994,1
1194,1.8057297468185425,4
1335,1.8062342405319214,4
2153,1.8064804077148438,1
1490,1.8071835041046143,4
2088,1.8077623844146729,3
2115,1.807948350906372,2
1035,1.8083330392837524,0
260,1.8099732398986816,1
649,1.8110934495925903,0
2125,1.8115971088409424,1
735,1.8122578859329224,4
744,1.8122988939285278,4
282,1.8125964403152466,0
1251,1.8126695156097412,1
1676,1.8134856224060059,2
1779,1.8134921789169312,0
2310,1.8142757415771484,3
63,1.8143267631530762,1
2443,1.8150806427001953,3
832,1.815629243850708,1
1343,1.8166126012802124,1
1818,1.8167181015014648,3
2208,1.8169639110565186,1
2011,1.8180601596832275,1
2284,1.819262981414795,2
442,1.8232471942901611,0
2188,1.823941707611084,3
441,1.8244550228118896,1
1984,1.825068712234497,3
1041,1.8261878490447998,3
1058,1.8274683952331543,1
982,1.8275402784347534,3
2078,1.8305244445800781,0
1219,1.830917239189148,1
287,1.8310637474060059,1
1028,1.8313144445419312,0
737,1.8316991329193115,0
2466,1.8327140808105469,3
1607,1.833951473236084,3
320,1.8365747928619385,1
1299,1.8376529216766357,2
1552,1.837691307067871,4
950,1.83787202835083,2
1005,1.838233470916748,1
1420,1.8389027118682861,0
1174,1.839573621749878,1
611,1.8399738073349,1
2436,1.8400764465332031,1
131,1.8401107788085938,4
654,1.8407208919525146,0
1263,1.8413324356079102,4
2024,1.84164297580719,4
1395,1.8425233364105225,2
1075,1.8429802656173706,4
1885,1.8448455333709717,1
1772,1.845181941986084,0
135,1.8454220294952393,1
597,1.845436692237854,2
554,1.8470492362976074,1
1139,1.8484293222427368,4
171,1.848761796951294,0
2228,1.8494036197662354,1
2488,1.8505311012268066,1
2450,1.8506553173065186,2
964,1.8507570028305054,4
622,1.8507719039916992,1
2145,1.8508481979370117,1
2307,1.8539243936538696,1
1306,1.854196310043335,0
289,1.854851484298706,4
866,1.8553423881530762,0
1439,1.8557319641113281,1
239,1.8575439453125,4
693,1.8583331108093262,1
1261,1.859872817993164,3
2371,1.8604518175125122,0
406,1.8634260892868042,1
2356,1.8635748624801636,0
1796,1.8657536506652832,3
1190,1.8659100532531738,4
1896,1.8660528659820557,1
595,1.866483211517334,2
792,1.8692610263824463,3
355,1.8718379735946655,3
2103,1.8723214864730835,3
888,1.8726365566253662,3
1528,1.87370765209198,0
146,1.8752890825271606,3
462,1.8754254579544067,0
608,1.8763315677642822,4
2393,1.8771297931671143,2
1563,1.8775935173034668,4
1426,1.880833625793457,4
1661,1.8819152116775513,1
223,1.8822569847106934,4
315,1.8827801942825317,4
1436,1.882965326309204,0
589,1.8835530281066895,4
103,1.8839836120605469,4
1007,1.8843097686767578,3
2037,1.8859679698944092,0
901,1.8866339921951294,3
5,1.8877842426300049,0
1183,1.888169765472412,0
1693,1.8882032632827759,1
2029,1.8886632919311523,0
80,1.8886735439300537,1
1623,1.89085853099823,2
1324,1.8923628330230713,1
2332,1.8936461210250854,0
1637,1.8943147659301758,1
671,1.8958492279052734,4
2008,1.8969863653182983,0
2081,1.897650957107544,3
1618,1.8978707790374756,3
1366,1.8993871212005615,1
1208,1.8996078968048096,3
1742,1.9004948139190674,1
995,1.901003122329712,4
1054,1.9011132717132568,1
2326,1.9013890027999878,3
1109,1.9022676944732666,0
1300,1.9030829668045044,0
167,1.90486741065979,4
1029,1.9061801433563232,3
1644,1.9076417684555054,1
678,1.9087014198303223,0
722,1.909286618232727,4
110,1.9114360809326172,0
959,1.9118342399597168,3
2314,1.9124627113342285,4
1846,1.9140876531600952,4
978,1.9158490896224976,3
1101,1.91652250289917,2
2214,1.9184004068374634,0
1561,1.9193758964538574,4
2114,1.920247197151184,1
1276,1.9207792282104492,1
1507,1.9239521026611328,4
1715,1.924894094467163,1
1160,1.9256737232208252,3
1701,1.9312646389007568,3
1797,1.932194709777832,0
2250,1.9325698614120483,1
497,1.9328585863113403,1
323,1.9338750839233398,4
322,1.9358588457107544,4
1971,1.9359123706817627,0
2361,1.9370644092559814,1
181,1.9373053312301636,2
911,1.9383009672164917,1
683,1.9389100074768066,3
1130,1.9400660991668701,2
2415,1.9415695667266846,3
884,1.943905234336853,1
293,1.9449211359024048,0
2449,1.9457144737243652,3
1850,1.9463441371917725,0
2355,1.9484444856643677,1
1893,1.9485276937484741,0
2026,1.9498893022537231,3
1897,1.950899600982666,2
118,1.9512423276901245,1
2472,1.953005313873291,0
503,1.9546592235565186,1
318,1.9548109769821167,0
2055,1.9563895463943481,0
60,1.9593205451965332,4
84,1.9605302810668945,4
2340,1.9627189636230469,2
303,1.962921142578125,0
1233,1.9658849239349365,4
1746,1.9660297632217407,3
518,1.966739296913147,2
2368,1.9671732187271118,1
1064,1.9674415588378906,2
575,1.9705204963684082,3
449,1.9706627130508423,1
1422,1.9741380214691162,3
894,1.9762059450149536,2
2269,1.9770052433013916,4
2271,1.9772543907165527,1
149,1.9773190021514893,4
106,1.9780817031860352,0
1830,1.9794124364852905,2
583,1.9805928468704224,1
244,1.9889061450958252,4
1133,1.9893308877944946,1
461,1.9951996803283691,4
51,1.9955487251281738,1
1312,1.9996521472930908,2
519,2.000889301300049,4
2273,2.0021610260009766,4
350,2.002350091934204,2
17,2.0033977031707764,0
4,2.004135847091675,1
1319,2.005739688873291,0
1414,2.0072991847991943,3
2085,2.0080010890960693,3
1553,2.008028030395508,3
1692,2.0156338214874268,0
231,2.018721103668213,1
142,2.018923282623291,0
1212,2.0195398330688477,4
804,2.020641803741455,0
173,2.0209784507751465,4
629,2.0227603912353516,3
1539,2.0247952938079834,3
2212,2.0274622440338135,1
1182,2.0286753177642822,0
2480,2.031860113143921,1
873,2.0336806774139404,0
720,2.0340218544006348,1
2121,2.0345449447631836,0
632,2.0359249114990234,3
2333,2.0368282794952393,0
124,2.0374324321746826,4
140,2.0377249717712402,0
1069,2.037838935852051,1
509,2.0426111221313477,1
1914,2.0428757667541504,0
648,2.0430450439453125,0
617,2.0438520908355713,1
40,2.0442094802856445,0
1045,2.0450925827026367,1
1578,2.0468015670776367,3
328,2.054182767868042,0
2007,2.055311441421509,0
1369,2.0604608058929443,0
66,2.0609636306762695,4
1046,2.0611445903778076,0
1068,2.0612945556640625,1
1921,2.0638303756713867,0
765,2.0652616024017334,2
2401,2.0678718090057373,4
2159,2.075439691543579,4
786,2.0756866931915283,4
426,2.076227903366089,3
1612,2.0821735858917236,0
472,2.0827150344848633,2
2206,2.0924160480499268,1
400,2.092607021331787,3
1382,2.094672441482544,3
1106,2.0952749252319336,0
1123,2.096026659011841,4
2010,2.0994367599487305,4
615,2.1016695499420166,0
1453,2.1042373180389404,0
1444,2.1062254905700684,4
416,2.1075518131256104,0
49,2.1153993606567383,0
1149,2.122969627380371,4
1762,2.134559154510498,0
750,2.138216972351074,0
1341,2.138411521911621,4
1990,2.138512134552002,4
2266,2.1395742893218994,2
557,2.141223907470703,4
2462,2.141242504119873,3
1283,2.143101692199707,4
1214,2.1458635330200195,0
2084,2.149049758911133,4
1943,2.149423599243164,0
892,2.150481939315796,0
2139,2.154053211212158,0
1872,2.155245780944824,0
1502,2.167222023010254,0
477,2.1684370040893555,0
2102,2.1689682006835938,0
2064,2.1696977615356445,4
1838,2.179874897003174,0
1434,2.1800317764282227,3
1842,2.1896109580993652,0
937,2.1958842277526855,3
2374,2.196012020111084,4
1370,2.1970252990722656,0
1040,2.2113165855407715,3
2469,2.2169299125671387,0
1100,2.2178916931152344,0
180,2.221621513366699,0
2197,2.22210955619812,0
2286,2.224278450012207,3
1544,2.2269155979156494,0
184,2.2283387184143066,3
2392,2.228549003601074,0
1730,2.233806610107422,0
1683,2.2378129959106445,0
1736,2.240816831588745,0
2105,2.241269111633301,4
1904,2.2477030754089355,0
2490,2.249007225036621,4
78,2.249102830886841,2
2409,2.24937105178833,0
2254,2.25189208984375,0
1464,2.2559988498687744,3
1568,2.278719425201416,2
631,2.2832748889923096,4
1826,2.2980639934539795,2
1656,2.3033447265625,0
1353,2.3090295791625977,0
612,2.3103866577148438,0
2268,2.3222999572753906,2
465,2.3235585689544678,0
1622,2.3257641792297363,0
403,2.328336477279663,3
1164,2.3293070793151855,0
694,2.33186411857605,0
423,2.3471310138702393,4
1244,2.352443218231201,0
1498,2.3583478927612305,0
1497,2.3723485469818115,0
112,2.3751211166381836,0
2482,2.375943899154663,0
179,2.379804849624634,2
312,2.399324893951416,4
845,2.4048640727996826,4
1566,2.413973569869995,0
1859,2.4214229583740234,0
1398,2.4342079162597656,0
2240,2.465717315673828,0
388,2.467747688293457,0
934,2.472395896911621,0
813,2.476633071899414,0
1279,2.4945645332336426,0
2283,2.495598077774048,0
1392,2.501232147216797,4
1610,2.5037803649902344,0
2265,2.506856918334961,0
779,2.5100760459899902,0
1094,2.5101799964904785,0
2481,2.524846076965332,0
345,2.5262985229492188,0
1098,2.5297515392303467,0
2203,2.5316379070281982,0
559,2.5354127883911133,0
2498,2.537261486053467,0
1326,2.550572395324707,0
506,2.572634220123291,0
212,2.572859764099121,0
1565,2.5781188011169434,0
2319,2.57938289642334,0
1823,2.58353590965271,0
1757,2.5933399200439453,0
782,2.6004576683044434,0
963,2.626652717590332,4
987,2.6309452056884766,0
1697,2.632521867752075,0
709,2.6466169357299805,0
1199,2.6811671257019043,0
2261,2.7038278579711914,0
2098,2.721757411956787,0
286,2.722902536392212,0
540,2.7392454147338867,0
268,2.7597501277923584,0
776,2.814152240753174,3
2429,2.8201308250427246,0
1709,2.822892904281616,0
1907,2.829270839691162,2
1228,2.8465094566345215,0
829,2.880434036254883,2
2256,2.9096360206604004,0
808,2.9158267974853516,0
1892,2.9449825286865234,0
593,2.952956199645996,0
1992,2.955242156982422,0
1356,2.9561057090759277,0
191,2.95991849899292,0
2189,2.9608144760131836,0
2235,2.9946184158325195,0
58,3.0355753898620605,0
158,3.050107002258301,0
920,3.0889201164245605,0
546,3.186079263687134,0
562,3.220215320587158,0
1373,3.273942708969116,0
1855,3.2994158267974854,0
2170,3.3672118186950684,0
530,3.3802857398986816,0
582,3.6352505683898926,3
